ID,Name,Parameter_ID,Role_Letter,Original_Or_New,Name_For_URL
coverer,coverer,cover,A,Original role,coverer
covered-thing,covered thing,cover,P,Original role,covered-thing
cover,cover,cover,X,Original role,cover
cover-beneficiary,cover-beneficiary,cover,,New role,cover-beneficiary
cover-causer,cover causer,cover,,New role,cover-causer
cover-instrument,cover instrument,cover,,New role,cover-instrument
filler,filler,fill,A,Original role,filler
filled-container,filled container,fill,P,Original role,filled-container
filling-material,filling material,fill,X,Original role,filling-material
fill-causer,fill causer,fill,,New role,fill-causer
fill-beneficiary,fill beneficiary,fill,,New role,fill-beneficiary
loader,loader,load,A,Original role,loader
loaded-thing,loaded thing,load,T,Original role,loaded-thing
loading-place,loading place,load,L,Original role,loading-place
load-beneficiary,load beneficiary,load,,New role,load-beneficiary
load-causer,load causer,load,,New role,load-causer
tier,tier,tie,A,Original role,tier
tied-thing,tied thing,tie,P,Original role,tied-thing
tying-goal,tying goal,tie,L,Original role,tying-goal
tying-instrument,tying instrument,tie,I,Original role,tying-instrument
tie-beneficiary,tie beneficiary,tie,,New role,tie-beneficiary
tie-causer,tie causer,tie,,New role,tie-causer
pourer,pourer,pour,A,Original role,pourer
poured-substance,poured substance,pour,T,Original role,poured-substance
pouring-goal,pouring goal,pour,L,Original role,pouring-goal
pouring-source,pouring source,pour,F,New role,pouring-source
pour-beneficiary,pour beneficiary,pour,,New role,pour-beneficiary
pour-causer,pour causer,pour,,New role,pour-causer
putter,putter,put,A,Original role,putter
put-thing,put thing,put,T,Original role,put-thing
putting-goal,putting goal,put,L,Original role,putting-goal
put-beneficiary,put beneficiary,put,,New role,put-beneficiary
put-causer,put causer,put,,New role,put-causer
thrower,thrower,throw,A,Original role,thrower
thrown-thing,thrown thing,throw,T,Original role,thrown-thing
throwing-goal,throwing goal,throw,L,Original role,throwing-goal
throw-beneficiary,throw beneficiary,throw,,New role,throw-beneficiary
throw-causer,throw causer,throw,,New role,throw-causer
bringer,bringer,bring,A,Original role,bringer
brought-thing,brought thing,bring,T,Original role,brought-thing
bringing-recipient,bringing recipient,bring,R,Original role,bringing-recipient
bring-causer,bring causer,bring,,New role,bring-causer
bringing-instrument,bringing instrument,bring,,New role,bringing-instrument
carrier,carrier,carry,A,Original role,carrier
carried-thing,carried thing,carry,T,Original role,carried-thing
carrying-goal,carrying goal,carry,X,Original role,carrying-goal
carry-beneficiary,carry beneficiary,carry,,New role,carry-beneficiary
carry-instrument,carry instrument,carry,,New role,carry-instrument
carry-causer,carry causer,carry,,New role,carry-causer
sender,sender,send,A,Original role,sender
sent-thing,sent thing,send,T,Original role,sent-thing
sending-recipient,sending recipient,send,X,Original role,sending-recipient
send-causer,send causer,send,,New role,send-causer
giver,giver,give,A,Original role,giver
gift,gift,give,T,Original role,gift
giving-recipient,giving recipient,give,R,Original role,giving-recipient
give-causer,give causer,give,,New role,give-causer
shower,shower,show,A,Original role,shower
shown-thing,shown thing,show,T,Original role,shown-thing
showing-addressee,showing addressee,show,R,Original role,showing-addressee
show-causer,show causer,show,,New role,show-causer
stealer,stealer,steal,A,Original role,stealer
stolen-thing,stolen thing,steal,T,Original role,stolen-thing
stealing-source,stealing source,steal,X,Original role,stealing-source
steal-causer,steal causer,steal,,New role,steal-causer
stealing-source-2,stealing source 2,steal,,New role,stealing-source-2
hider,hider,hide,A,Original role,hider
hidden-thing,hidden thing,hide,T,Original role,hidden-thing
hiding-affectee,hiding affectee,hide,X,Original role,hiding-affectee
hide-causer,hide causer,hide,,New role,hide-causer
hiding-beneficiary,hiding beneficiary,hide,,New role,hiding-beneficiary
hiding-instrument,hiding instrument,hide,,New role,hiding-instrument
hiding-place,hiding place,hide,,New role,hiding-place
tearer,tearer,tear,A,Original role,tearer
torn-thing,torn thing,tear,P,Original role,torn-thing
tearing-source,tearing source,tear,X,Original role,tearing-source
tear-causer,tear causer,tear,,New role,tear-causer
tear-instrument,tear instrument,tear,,New role,tear-instrument
tearing-place,tearing place,tear,,New role,tearing-place
wiper,wiper,wipe,A,Original role,wiper
wiped-material,wiped material,wipe,T,Original role,wiped-material
wiping-surface,wiping surface,wipe,X,Original role,wiping-surface
wipe-beneficiary,wipe beneficiary,wipe,,New role,wipe-beneficiary
wipe-causer,wipe causer,wipe,,New role,wipe-causer
wipe-goal,wipe goal,wipe,,New role,wipe-goal
wipe-instrument,wipe instrument,wipe,,New role,wipe-instrument
cutter,cutter,cut,A,Original role,cutter
cut-thing,cut thing,cut,P,Original role,cut-thing
cutting-instrument,cutting instrument,cut,I,Original role,cutting-instrument
cut-beneficiary,cut beneficiary,cut,,New role,cut-beneficiary
cutting-causer,cutting causer,cut,,New role,cutting-causer
cutting-goal-or-place,cutting goal/place,cut,,New role,cutting-goal-or-place
toucher,toucher,touch,A,Original role,toucher
touchee,touchee,touch,P,Original role,touchee
touching-instrument,touching instrument,touch,I,Original role,touching-instrument
touch-causer,touch causer,touch,,New role,touch-causer
hitter,hitter,hit,A,Original role,hitter
hittee,hittee,hit,P,Original role,hittee
hitting-instrument,hitting instrument,hit,I,Original role,hitting-instrument
hit-causer,hit causer,hit,,New role,hit-causer
hit-location,hit location,hit,,New role,hit-location
beater,beater,beat,A,Original role,beater
beatee,beatee,beat,P,Original role,beatee
beating-instrument,beating instrument,beat,I,Original role,beating-instrument
beat-beneficiary,beat beneficiary,beat,,New role,beat-beneficiary
beat-causer,beat causer,beat,,New role,beat-causer
killer,killer,kill,A,Original role,killer
killee,killee,kill,P,Original role,killee
killing-instrument,killing instrument,kill,I,Original role,killing-instrument
killing-beneficiary,killing beneficiary,kill,,New role,killing-beneficiary
kill-causer,kill causer,kill,,New role,kill-causer
breaker,breaker,break,A,Original role,breaker
broken-thing,broken thing,break,P,Original role,broken-thing
breaking-instrument,breaking instrument,break,I,Original role,breaking-instrument
break-maleficiary,break maleficiary,break,,New role,break-maleficiary
break-causer,break causer,break,,New role,break-causer
break-location,break location,break,,New role,break-location
namer,namer,name,A,Original role,namer
namee,namee,name,X,Original role,namee
name,name,name,Y,Original role,name
name-or-say-addressee,name/say addressee,name,,New role,name-or-say-addressee
name-causer,name causer,name,,New role,name-causer
sayer,sayer,say,A,Original role,sayer
saying-addressee,saying addressee,say,X,Original role,saying-addressee
said-content,said content,say,"""...""",Original role,said-content
say-causer,say causer,say,,New role,say-causer
teller,teller,tell,A,Original role,teller
tellee,tellee,tell,X,Original role,tellee
told-content,told content,tell,Y,Original role,told-content
tell-causer,tell causer,tell,,New role,tell-causer
asker,asker,ask-for,A,Original role,asker
askee,askee,ask-for,X,Original role,askee
requested-thing,requested thing,ask-for,Y,Original role,requested-thing
ask-for-causer,ask for causer,ask-for,,New role,ask-for-causer
talker,talker,talk,A,Original role,talker
talked-to-person,talked to person,talk,X,Original role,talked-to-person
talked-about-content,talked about content,talk,Y,Original role,talked-about-content
talk-causer,talk causer,talk,,New role,talk-causer
knower,knower,know,A,Original role,knower
known-thing-or-person,known thing/person,know,P,Original role,known-thing-or-person
know-causer,know causer,know,,New role,know-causer
rememberer,rememberer,remember,A,New role,rememberer
remembered-thing,remembered thing,remember,X,New role,remembered-thing
seeer,seeer,see,E,Original role,seeer
seen-entity,seen entity,see,M,Original role,seen-entity
see-causer,see causer,see,,New role,see-causer
looker,looker,look-at,A,Original role,looker
looked-at-entity,looked at entity,look-at,P,Original role,looked-at-entity
look-instrument,look instrument,look-at,,New role,look-instrument
look-causer,look causer,look-at,,New role,look-causer
look-beneficiary,look beneficiary,look-at,,New role,look-beneficiary
frightener,frightener,frighten,A,Original role,frightener
frightenee,frightenee,frighten,P,Original role,frightenee
frighten-beneficiary,frighten beneficiary,frighten,,New role,frighten-beneficiary
frightening-thing-or-instr,frightening thing/instr.,frighten,,New role,frightening-thing-or-instr.
scare-causer,scare causer,frighten,,New role,scare-causer
fearer,fearer,fear,E,Original role,fearer
fear-stimulus,fear stimulus,fear,M,Original role,fear-stimulus
fear-causer,fear causer,fear,,New role,fear-causer
liker,liker,like,E,Original role,liker
liked-entity,liked entity,like,M,Original role,liked-entity
like-causer,like causer,like,,New role,like-causer
hunter,hunter,hunt-for,X,New role,hunter
hunted-thing,hunted thing,hunt-for,Y,New role,hunted-thing
hunt-causer,hunt causer,hunt-for,,New role,hunt-causer
meeter,meeter,meet,A,Original role,meeter
met-person,met person,meet,X,Original role,met-person
meet-causer,meet causer,meet,,New role,meet-causer
meet-location,meet location,meet,,New role,meet-location
met-obstacle-or-thing,met obstacle/thing,meet,,New role,met-obstacle-or-thing
follower,follower,follow,A,Original role,follower
followee,followee,follow,X,Original role,followee
follow-instrument,follow instrument,follow,,New role,follow-instrument
follow-beneficiary,follow beneficiary,follow,,New role,follow-beneficiary
follow-causer,follow causer,follow,,New role,follow-causer
helper,helper,help,A,Original role,helper
helpee,helpee,help,X,Original role,helpee
help-causer,help causer,help,,New role,help-causer
eater,eater,eat,A,Original role,eater
eaten-food,eaten food,eat,P,Original role,eaten-food
eating-instrument,eating instrument,eat,I,New role,eating-instrument
eat-beneficiary,eat beneficiary,eat,,New role,eat-beneficiary
eat-causer-or-feeder,eat causer/feeder,eat,,New role,eat-causer-or-feeder
eat-location,eat location,eat,,New role,eat-location
washer,washer,wash,A,Original role,washer
washed-entity,washed entity,wash,P,Original role,washed-entity
washing-instrument,washing instrument,wash,I,New role,washing-instrument
wash-beneficiary,wash beneficiary,wash,,New role,wash-beneficiary
wash-causer,wash causer,wash,,New role,wash-causer
wash-location,wash location,wash,,New role,wash-location
cougher,cougher,cough,S,Original role,cougher
cough-causer,cough causer,cough,,New role,cough-causer
coughed-at-person-or-bodypart,coughed at person/bodypart,cough,,New role,coughed-at-person-or-bodypart
cough-origin,cough origin,cough,,New role,cough-origin
coughed-up-thing,coughed up thing,cough,,New role,coughed-up-thing
climber,climber,climb,A,Original role,climber
climbing-goal,climbing goal,climb,L,Original role,climbing-goal
climb-beneficiary,climb beneficiary,climb,,New role,climb-beneficiary
climb-causer,climb causer,climb,,New role,climb-causer
climb-instrument,climb instrument,climb,,New role,climb-instrument
sitdowner,sitdowner,sit-down,S,Original role,sitdowner
sitting-down-place,sitting-down place,sit-down,L,Original role,sitting-down-place
sit-down-causer,sit down causer,sit-down,,New role,sit-down-causer
runner,runner,run,A,Original role,runner
running-place,running place,run,,New role,running-place
run-causer,run causer,run,,New role,run-causer
run-goal,run goal,run,,New role,run-goal
run-from-source,run from source,run,,New role,run-from-source
run-distance,run distance,run,,New role,run-distance
running-opponent,running opponent,run,,New role,running-opponent
jumper,jumper,jump,A,Original role,jumper
jump-beneficiary,jump beneficiary,jump,,New role,jump-beneficiary
jump-causer,jump causer,jump,,New role,jump-causer
jump-instrument,jump instrument,jump,,New role,jump-instrument
jump-location,jump location,jump,,New role,jump-location
jumped-over-obstacle,jumped over (obstacle),jump,,New role,jumped-over-obstacle
comming-person,comming person,come-1,,New role,comming-person
singer,singer,sing,S,Original role,singer
song,song,sing,,New role,song
sing-causer,sing causer,sing,,New role,sing-causer
sung-to-person,sung-to person,sing,,New role,sung-to-person
liver,liver,live,S,Original role,liver
living-place,living place,live,L,Original role,living-place
live-causer,live causer,live,,New role,live-causer
life,life,live,,New role,life
appearer,appearer,appear,S,Original role,appearer
appear-beneficiary,appear beneficiary,appear,,New role,appear-beneficiary
appear-causer,appear causer,appear,,New role,appear-causer
appear-location,appear location,appear,,New role,appear-location
dieer,dieer,die,S,Original role,dieer
killer-or-death-causer,killer/death causer,die,,New role,killer-or-death-causer
cause-of-death,cause of death,die,,New role,cause-of-death
dying-location,dying location,die,,New role,dying-location
fallee,fallee,fall,S,Original role,fallee
fall-causer,fall causer,fall,,New role,fall-causer
fall-instrument,fall instrument,fall,,New role,fall-instrument
fall-goal,fall goal,fall,L,New role,fall-goal
fall-source,fall source,fall,,New role,fall-source
freezing-person,freezing person,feel-cold,S,Original role,freezing-person
feeling-cold-locus,feeling cold locus,feel-cold,X,Original role,feeling-cold-locus
chill-causer,chill causer,feel-cold,,New role,chill-causer
hungry-person,hungry person,be-hungry,E,Original role,hungry-person
hunger-causer,hunger causer,be-hungry,,New role,hunger-causer
rain,rain,rain,?,Original role,rain
rain-goal,rain goal,rain,,New role,rain-goal
rain-causer,rain causer,rain,,New role,rain-causer
rain-source,rain source,rain,,New role,rain-source
receiver,receiver,get,R,Original role,receiver
received-thing,received thing,get,T,Original role,received-thing
receiving-source,receiving source,get,X,Original role,receiving-source
receive-causer,receive causer,get,,New role,receive-causer
crier,crier,cry,S,Original role,crier
cried-after-or-for-person,cried after/for person,cry,,New role,cried-after-or-for-person
cry-causer,cry causer,cry,,New role,cry-causer
maker,maker,make,A,Original role,maker
made-thing,made thing,make,P,Original role,made-thing
making-material,making material,make,X,Original role,making-material
make-beneficiary,make beneficiary,make,,New role,make-beneficiary
make-causer,make causer,make,,New role,make-causer
make-location,make location,make,,New role,make-location
thinker,thinker,think,A,Original role,thinker
thought-content,thought content,think,X,Original role,thought-content
think-beneficiary,think beneficiary,think,,New role,think-beneficiary
think-causer,think causer,think,,New role,think-causer
thought-abstract,thought (abstract),think,,New role,thought-abstract
searcher,searcher,search-for,A,Original role,searcher
searched-for-thing,searched for thing,search-for,X,Original role,searched-for-thing
search-beneficiary,search beneficiary,search-for,,New role,search-beneficiary
search-causer,search causer,search-for,,New role,search-causer
searched-entity,searched entity,search-for,,New role,searched-entity
search-location,search location,search-for,,New role,search-location
search-instrument,search instrument,search-for,,New role,search-instrument
hugger,hugger,hug,A,Original role,hugger
huggee,huggee,hug,P,Original role,huggee
hug-causer,hug causer,hug,,New role,hug-causer
pain-feeler,pain-feeler,feel-pain,E,Original role,pain-feeler
pain-locus,pain locus,feel-pain,M,Original role,pain-locus
pain-causer,pain causer,feel-pain,,New role,pain-causer
sad-person,sad person,be-sad,E,Original role,sad-person
sadness-causer,sadness causer,be-sad,,New role,sadness-causer
saddening-thing,saddening thing,be-sad,,New role,saddening-thing
sick-person,sick person,be-ill,S,Original role,sick-person
sickness-causer,sickness causer,be-ill,,New role,sickness-causer
affliction-or-disease,affliction/disease,be-ill,,New role,affliction-or-disease
sickness-locus,sickness locus,be-ill,,New role,sickness-locus
dry-thing,dry thing,be-dry,S,Original role,dry-thing
drier-or-dry-causer,drier / dry causer,be-dry,,New role,drier-or-dry-causer
laugher,laugher,laugh,S,Original role,laugher
laughed-about-thing,laughed-about thing,laugh,X,New role,laughed-about-thing
laugh-causer,laugh causer,laugh,,New role,laugh-causer
laugh,laugh,laugh,,New role,laugh
burnt-thing,burnt thing,burn,S,Original role,burnt-thing
burner,burner,burn,,New role,burner
fire,fire,burn,,New role,fire
blinker,blinker,blink,S,Original role,blinker
blink-causer,blink causer,blink,,New role,blink-causer
winked-at-person,winked at person,blink,,New role,winked-at-person
eye,eye,blink,,New role,eye
specialist-or-hunter,specialist/hunter,be-a-hunter,S,Original role,specialist-or-hunter
taker,taker,take,A,Original role,taker
taken-thing,taken thing,take,P,Original role,taken-thing
taking-source,taking source,take,X,Original role,taking-source
take-causer,take causer,take,,New role,take-causer
taken-from-place,taken from place,take,,New role,taken-from-place
take-to-goal,take to goal,take,,New role,take-to-goal
digger,digger,dig,A,Original role,digger
dug-up-thing,dug up thing,dig,X,Original role,dug-up-thing
digging-instrument,digging instrument,dig,I,New role,digging-instrument
dig-beneficiary,dig beneficiary,dig,,New role,dig-beneficiary
dig-causer,dig causer,dig,,New role,dig-causer
digging-place,digging place,dig,,New role,digging-place
dug-hole-or-ground,dug hole/ground,dig,,New role,dug-hole-or-ground
peeler,peeler,peel,A,Original role,peeler
peeled-object,peeled object,peel,P,Original role,peeled-object
peel,peel,peel,X,Original role,peel
peel-beneficiary,peel beneficiary,peel,,New role,peel-beneficiary
peel-causer,peel causer,peel,,New role,peel-causer
peel-instrument,peel instrument,peel,,New role,peel-instrument
grinder,grinder,grind,A,Original role,grinder
ground-thing,ground thing,grind,P,Original role,ground-thing
grinding-instrument,grinding instrument,grind,I,Original role,grinding-instrument
grind-beneficiary,grind beneficiary,grind,,New role,grind-beneficiary
grind-causer,grind causer,grind,,New role,grind-causer
grinding-location,grinding location,grind,,New role,grinding-location
shaver-of-body-part,shaver (of body part),shave-a-body-part_person,A,Original role,shaver-of-body-part
shaved-body-part,shaved body part,shave-a-body-part_person,P,Original role,shaved-body-part
shaving-instrument,shaving instrument,shave-a-body-part_person,,New role,shaving-instrument
shave-causer,shave causer,shave-a-body-part_person,,New role,shave-causer
shaved-person,shaved person,shave-a-body-part_person,,New role,shaved-person
shave-beneficiary,shave beneficiary,shave-a-body-part_person,,New role,shave-beneficiary
pusher,pusher,push,A,Original role,pusher
pushee,pushee,push,P,Original role,pushee
pushing-goal,pushing goal,push,L,Original role,pushing-goal
push-beneficiary,push beneficiary,push,,New role,push-beneficiary
push-instrument,push instrument,push,,New role,push-instrument
push-causer,push causer,push,,New role,push-causer
goer,goer,go,S,Original role,goer
going-goal,going goal,go,L,Original role,going-goal
go-causer,go causer,go,,New role,go-causer
gone-with-thing,gone with thing,go,,New role,gone-with-thing
rolling-entity,rolling entity,roll,A,Original role,rolling-entity
roller,roller,roll,,New role,roller
rolling-location,rolling location,roll,,New role,rolling-location
roll-causer,roll causer,roll,,New role,roll-causer
rolling-goal,rolling goal,roll,,New role,rolling-goal
teacher,teacher,teach,A,Original role,teacher
teachee,teachee,teach,R,Original role,teachee
taught-content,taught content,teach,T,Original role,taught-content
teach-causer,teach causer,teach,,New role,teach-causer
screamer,screamer,scream,S,Original role,screamer
scream-causer,scream causer,scream,,New role,scream-causer
screamed-at-person,screamed at person,scream,,New role,screamed-at-person
screamed-content,screamed content,scream,,New role,screamed-content
cooker,cooker,cook,A,Original role,cooker
cooked-food,cooked food,cook,P,Original role,cooked-food
cooking-instrument,cooking instrument,cook,,New role,cooking-instrument
cook-causer,cook causer,cook,,New role,cook-causer
cook-beneficiary,cook beneficiary,cook,,New role,cook-beneficiary
hearer,hearer,hear,E,Original role,hearer
heard-sound,heard sound,hear,M,Original role,heard-sound
hear-instrument,hear instrument,hear,,New role,hear-instrument
hear-causer,hear causer,hear,,New role,hear-causer
wanter,wanter,want,A,Original role,wanter
wanted-thing,wanted thing,want,X,Original role,wanted-thing
want-beneficiary,want beneficiary,want,,New role,want-beneficiary
want-causer,want causer,want,,New role,want-causer
sunken-entity,sunken entity,sink,S,Original role,sunken-entity
sink-causer,sink-(caus)er,sink,,New role,sink-causer
sink-location,sink location,sink,,New role,sink-location
boiled-thing,boiled thing,boil,S,Original role,boiled-thing
boiler,boiler,boil,,New role,boiler
smeller,smeller,smell,E,Original role,smeller
smelled-entity,smelled entity,smell,M,Original role,smelled-entity
smell-causer,smell causer,smell,,New role,smell-causer
dresser,dresser,dress,A,Original role,dresser
dressee,dressee,dress,P,Original role,dressee
clothes,clothes,dress,,New role,clothes
dress-causer,dress causer,dress,,New role,dress-causer
shouter,shouter,shout-at,A,Original role,shouter
shoutee,shoutee,shout-at,X,Original role,shoutee
shout-causer,shout causer,shout-at,,New role,shout-causer
shouted-words,shouted words,shout-at,,New role,shouted-words
builder,builder,build,A,Original role,builder
built-thing,built thing,build,P,Original role,built-thing
building-material,building material,build,X,Original role,building-material
build-beneficiary,build beneficiary,build,,New role,build-beneficiary
build-causer,build causer,build,,New role,build-causer
building-location,building location,build,,New role,building-location
sitter,sitter,sit,S,Original role,sitter
sitting-place,sitting place,sit,L,Original role,sitting-place
sit-causer,sit causer,sit,,New role,sit-causer
leaver,leaver,leave,A,Original role,leaver
left-place-or-person,left place/person,leave,L,Original role,left-place-or-person
leaving-goal,leaving goal,leave,,New role,leaving-goal
leave-causer,leave causer,leave,,New role,leave-causer
player,player,play,S,Original role,player
playing-partner,playing partner,play,C,New role,playing-partner
musical-instrument,musical instrument,play,,New role,musical-instrument
play-causer,play causer,play,,New role,play-causer
toy,toy,play,,New role,toy
play-location,play location,play,,New role,play-location
game,game,play,,New role,game
closer,closer,close,,New role,closer
closed-thing,closed thing,close,,New role,closed-thing
closing-instrument,closing instrument,close,,New role,closing-instrument
cleaner,cleaner,clean,A,New role,cleaner
cleaned-thing,cleaned thing,clean,P,New role,cleaned-thing
cleaned-away-material,cleaned away material,clean,,New role,cleaned-away-material
cleaning-causer,cleaning causer,clean,,New role,cleaning-causer
refuser,refuser,refuse,,New role,refuser
refusee,refusee,refuse,,New role,refusee
refused-thing,refused thing,refuse,,New role,refused-thing
speaker,speaker,speak,,New role,speaker
spoken-to-person,spoken to person,speak,,New role,spoken-to-person
cold-thing,cold thing,be-cold,,New role,cold-thing
twinkler,twinkler,twinkle,,New role,twinkler
chaser,chaser,chase,,New role,chaser
chasee,chasee,chase,,New role,chasee
chasing-location,chasing location,chase,,New role,chasing-location
marrying-person,marrying person,marry,,New role,marrying-person
married-person,married person,marry,,New role,married-person
marry-causer,marry causer,marry,,New role,marry-causer
reader,reader,read,,New role,reader
read-thing,read thing,read,,New role,read-thing
offerer,offerer,offer,,New role,offerer
offering,offering,offer,,New role,offering
offered-to-person,offered to person,offer,,New role,offered-to-person
asking-about-person,asking (about) person,ask-about,,New role,asking-about-person
asked-about-thing,asked (about) thing,ask-about,,New role,asked-about-thing
askee-about,askee (about),ask-about,,New role,askee-about
cramer,cramer,cram,,New role,cramer
crammed-thing,crammed thing,cram,,New role,crammed-thing
crammed-location,crammed location,cram,,New role,crammed-location
doer,doer,do,,New role,doer
done-thing,done thing,do,,New role,done-thing
crosser,crosser,cross,,New role,crosser
crossed-place,crossed place,cross,,New role,crossed-place
birth-giver,birth giver,give-birth,,New role,birth-giver
born-entity,born entity,give-birth,,New role,born-entity
enterer,enterer,enter,,New role,enterer
entered-place,entered place,enter,,New role,entered-place
resting-person,resting person,rest,,New role,resting-person
drinking-person,drinking person,drink,,New role,drinking-person
drunken-thing,drunken thing,drink,,New role,drunken-thing
sleepy-head,sleepy head,feel-sleepy,,New role,sleepy-head
dreamer,dreamer,dream,,New role,dreamer
dreamt-of-thing,dream(t-of thing),dream,,New role,dreamt-of-thing
sick-feeling-person,sick feeling person,feel-sick,,New role,sick-feeling-person
proposer,proposer,propose-a-marriage,,New role,proposer
proposed-to-person,proposed to person,propose-a-marriage,,New role,proposed-to-person
capsizing-entity,capsizing entity,capsize,,New role,capsizing-entity
capsizing-causer,capsizing causer,capsize,,New role,capsizing-causer
stumbling-person,stumbling person,stumble,,New role,stumbling-person
sayer-quotation,sayer (quotation),say-impersonal,,New role,sayer-quotation
source-of-quotation,source of quotation,say-impersonal,,New role,source-of-quotation
said-thing-quotation,said thing (quotation),say-impersonal,,New role,said-thing-quotation
presence-known-maker,presence known maker,make-ones-presence-known,,New role,presence-known-maker
needee,needee,be-needed,,New role,needee
assassin,assassin,assassinate,A,New role,assassin
assassinee,assassinee,assassinate,P,New role,assassinee
assassination-instrument,assassination instrument,assassinate,I,New role,assassination-instrument
assassination-causer,assassination causer,assassinate,,New role,assassination-causer
comer,comer,come,,New role,comer
coming-goal,coming goal,come,,New role,coming-goal
obtainer,obtainer,get-obtain,,New role,obtainer
obtained-thing,obtained thing,get-obtain,,New role,obtained-thing
q-asker,Q asker,ask-a-question,,New role,q-asker
q-asked-person,Q asked person,ask-a-question,,New role,q-asked-person
q,Q,ask-a-question,,New role,q
drowned-thing-or-person,drowned thing/person,drown,,New role,drowned-thing-or-person
learner,learner,learn,,New role,learner
learned-thing,learned thing,learn,,New role,learned-thing
caller,caller,call,,New role,caller
called-to-or-for-person,called to/for person,call,,New role,called-to-or-for-person
coming-person-or-thing,coming person/thing,come-2,,New role,coming-person-or-thing
come-source,come source,come-2,,New role,come-source
come-goal,come goal,come-2,,New role,come-goal
come-causer,come causer,come-2,,New role,come-causer
dress-or-clothing,dress/clothing,be-a-dress,,New role,dress-or-clothing
dresser-2,dresser,be-a-dress,,New role,dresser
remainer,remainer,remain,,New role,remainer
remaining-place,remaining place,remain,,New role,remaining-place
winker,winker,wink,,New role,winker
winkee,winkee,wink,,New role,winkee
longer,longer,long-for,,New role,longer
longed-for-person-or-thing,longed for person/thing,long-for,,New role,longed-for-person-or-thing
out-driver,out driver,drive-out,,New role,out-driver
driven-out-thing-or-person,driven out thing/person,drive-out,,New role,driven-out-thing-or-person
burner-tr,burner (tr),burn-tr,,New role,burner-tr
burnt-thing-tr,burnt thing (tr),burn-tr,,New role,burnt-thing-tr
burn-instrument-tr,burn instrument (tr),burn-tr,,New role,burn-instrument-tr
burn-causer-tr,burn causer (tr),burn-tr,,New role,burn-causer-tr
hungry-person-tr,hungry person (tr),make-hungry,,New role,hungry-person-tr
hunger-causer-tr,hunger causer (tr),make-hungry,,New role,hunger-causer-tr
sick-person-tr,sick person (tr),make-sick,,New role,sick-person-tr
sickness-causer-tr,sickness causer (tr),make-sick,,New role,sickness-causer-tr
drier-tr,drier (tr),dry,,New role,drier-tr
dry-thing-tr,dry thing (tr),dry,,New role,dry-thing-tr
appearer-tr,appearer (tr),make-appear,,New role,appearer-tr
appear-causer-tr,appear causer (tr),make-appear,,New role,appear-causer-tr
feller,feller,fell,,New role,feller
fellee,fellee,fell,,New role,fellee
dropper,dropper,drop,,New role,dropper
dropped-thing,dropped thing,drop,,New role,dropped-thing
seater,seater,seat,,New role,seater
seatee,seatee,seat,,New role,seatee
seating-place,seating place,seat,,New role,seating-place
run-causer-tr,run causer (tr),make-run,,New role,run-causer-tr
runner-tr,runner (tr),make-run,,New role,runner-tr
sink-causer-tr,sink-(caus)er (tr),sink-tr,,New role,sink-causer-tr
sunken-entity-tr,sunken entity (tr),sink-tr,,New role,sunken-entity-tr
sinking-instrument,sinking instrument,sink-tr,,New role,sinking-instrument
sinking-causer-tr,sinking causer (tr),sink-tr,,New role,sinking-causer-tr
boiler-tr,boiler (tr),boil-tr,,New role,boiler-tr
boiled-thing-tr,boiled thing (tr),boil-tr,,New role,boiled-thing-tr
boiling-causer-tr,boiling causer (tr),boil-tr,,New role,boiling-causer-tr
boiling-beneficiary-tr,boiling beneficiary (tr),boil-tr,,New role,boiling-beneficiary-tr
roller-tr,roller (tr),roll-tr,,New role,roller-tr
rolling-thing-tr,rolling thing (tr),roll-tr,,New role,rolling-thing-tr
rolling-goal-tr,rolling goal (tr),roll-tr,,New role,rolling-goal-tr
rolling-location-tr,rolling location (tr),roll-tr,,New role,rolling-location-tr
roll-causer-tr,roll causer (tr),roll-tr,,New role,roll-causer-tr
deserver,deserver,deserve,,New role,deserver
deserved-thing,deserved thing,deserve,,New role,deserved-thing
burdened-person,burdened person,be-burdened,,New role,burdened-person
burden,burden,be-burdened,,New role,burden
intuition-haver,intuition haver,have-an-intuition,,New role,intuition-haver
intuition-topic,intuition topic,have-an-intuition,,New role,intuition-topic
gladdened-entity,gladdened entity,be-glad,,New role,gladdened-entity
well-going-entity,well going entity,go-well,,New role,well-going-entity
well-going-beneficiary,well going beneficiary,go-well,,New role,well-going-beneficiary
settler,settler,settle,,New role,settler
settling-place,settling place,settle,,New role,settling-place
excited-entity,excited entity,get-excited,,New role,excited-entity
untrue-entity,untrue entity,be-far-from-the-truth,,New role,untrue-entity
climb-maker,climb maker,make-climb,,New role,climb-maker
make-climbing-entity,make climbing entity,make-climb,,New role,make-climbing-entity
make-climbing-goal,make climbing goal,make-climb,,New role,make-climbing-goal
hurter,hurter,hurt,,New role,hurter
hurt-locus,hurt locus,hurt,,New role,hurt-locus
name-carrier,name carrier,be-named,,New role,name-carrier
name-intr,name (intr.),be-named,,New role,name-intr.
laugher-tr,laugher (tr.),laugh-about,,New role,laugher-tr.
laughed-about-thing-tr,laughed-about thing (tr.),laugh-about,,New role,laughed-about-thing-tr.
sad-person-about,sad person (about),be-sad-about,,New role,sad-person-about
sad-about-thing,sad about thing,be-sad-about,,New role,sad-about-thing
crying-person,crying person,cry-about,,New role,crying-person
cryed-about-thing,cryed about thing,cry-about,,New role,cryed-about-thing
coughing-person,coughing person,cough-at,,New role,coughing-person
coughed-at-entity,coughed at entity,cough-at,,New role,coughed-at-entity
jumping-person,jumping person,jump-over,,New role,jumping-person
jumped-over-entity,jumped over entity,jump-over,,New role,jumped-over-entity
bright-entity,bright entity,be-bright,,New role,bright-entity
causer-of-brightness,causer of brightness,be-bright,,New role,causer-of-brightness
listener,listener,listen,,New role,listener
listened-to-sound,listened to sound,listen,,New role,listened-to-sound
listening-causer,listening causer,listen,,New role,listening-causer
getting-dressed-person,getting dressed person,get-dressed,S,New role,getting-dressed-person
get-dressed-causer,get dressed causer,get-dressed,,New role,get-dressed-causer
shaver-of-self,shaver (of self),shave-self,,New role,shaver-of-self
shaving-instrument-for-self,shaving instrument (for self),shave-self,,New role,shaving-instrument-for-self
shave-self-causer,shave (self) causer,shave-self,,New role,shave-self-causer
shave-self-body-part,shave (self) body part,shave-self,,New role,shave-self-body-part
